text,label
"hi there, hope you are having a great day, Just wanted to say hi. Thank you",Other
"HI, THE TRACKING HAS NOT UPDATED IN TEN DAYS, WHERE IS MY PARCEL",Complaint
"Hi there, Are there any discounts available for first time customers. Let me know if you need any more details.",Inquiry
Can I pay cash on delivery for orders over Dubai,Inquiry
CAN I GET AN INVOICE WITH MY COMPANY NAME ON IT.,Inquiry
Do you have this jacket in size PKR 2500?,Inquiry
"interesting read, I read your latest blog post about #11754",Other
How do I contact the seller directly about a custom order. Thank you,Inquiry
"The app interface is clean and simple to navigate, nice work",Feedback
What is the story behind your brand name. Thank you,Other
"I accidentally created two accounts, can you merge them!",Other
do you offer international shipping to renewable energy!,Inquiry
"hi there, What is the return policy for items bought during the sale",Inquiry
"Good morning, interesting read, I read your latest blog post about size L. Thanks for your time!",Other
i am trying to reach your marketing department. Let me know if you need any more details.,Other
"The item broke within two days of normal use, awful quality. Thank you",Complaint
The delivery driver left my package in the rain and everything is ruined. Thanks for your time.,Complaint
how do I contact the seller directly about a custom order. Let me know if you need any more details. Regards,Inquiry
my account was locked for no reason and I cannot log in,Complaint
Delivery was earlier than expected and the packaging was superb. Looking forward to hearing from you. Regards,Feedback
"Hi, The product manual is clear and well illustrated",Feedback
Do you have an affiliate or referral program I can join. Thank you,Other
I lost the receipt from my in store purchase last week,Other
"I really like the new search filters, finding items is much easier. Please look into this as soon as possible.",Feedback
Can I pay cash on delivery for orders over the Pro model,Inquiry
You sent me a used product instead of a new one. Please look into this as soon as possible!,Complaint
How do I track my order once it has been dispatched. I would appreciate a quick response.,Inquiry
"Hi, The delivery driver left my package in the rain and everything is ruined. Please look into this as soon as possible.",Complaint
I would like to partner with your brand for a giveaway. Thanks for your time.,Other
do you have this jacket in size size M. Let me know if you need any more details.,Inquiry
Are there any discounts available for first time customers,Inquiry
Please add me to your newsletter mailing list. Regards,Other
What documents do I need to open a return request,Inquiry
"Good morning, Are there any discounts available for first time customers. This is really important to me.",Inquiry
I WAITED THREE WEEKS FOR MY DELIVERY AND IT STILL HAS NOT SHIPPED. THANKS,Complaint
Do you have this jacket in size Android?,Inquiry
"Your Instagram reels are really entertaining, keep posting. I hope this can be sorted out soon. Regards",Other
"can you help, I am a student doing research on Islamabad",Other
"HEY, CAN I PAY CASH ON DELIVERY FOR ORDERS OVER ANDROID. I HOPE THIS CAN BE SORTED OUT SOON. REGARDS",Inquiry
"Good morning, Your Instagram reels are really entertaining, keep posting. This is really important to me?",Other
what payment methods do you accept on your website?,Inquiry
"Hi, Do you have an affiliate or referral program I can join!",Other
Can I visit your warehouse for a school project tour. Thank you,Other
"hi, Delivery was earlier than expected and the packaging was excellent. Thanks in advance for your help.",Feedback
How do I reset my password if I forgot my email!,Inquiry
Do you have a mobile app for #11754 devices.,Other
DO YOU SPONSOR LOCAL COMMUNITY EVENTS IN #90210,Other
"Hello, Is there a way to download my order history as a file.",Other
The new dark mode looks fantastic on my phone. Thanks,Feedback
I love that you use eco friendly packaging for all orders,Feedback
"Good morning, What is the return policy for items bought during the sale",Inquiry
"Shipping to PKR 2500 was surprisingly quick, well done. Regards",Feedback
Do you have this jacket in size Lahore,Inquiry
"Good morning, You sent me a used product instead of a new one",Complaint
"Good morning, I love that you use eco friendly packaging for all orders. I would appreciate a quick response.",Feedback
"The support team resolved my issue within minutes, very amazed. I would appreciate a quick response.",Feedback
The new dark mode looks fantastic on my phone,Feedback
HOW LONG DOES STANDARD DELIVERY TAKE TO ANDROID. PLEASE LOOK INTO THIS AS SOON AS POSSIBLE.,Inquiry
The product I received is not what was advertised on the website.,Complaint
"good morning, I really like that you use eco friendly packaging for all orders",Feedback
"THIS IS UNACCEPTABLE, I HAVE BEEN CHARGED TWICE FOR THE SAME PURCHASE.",Complaint
"Hello, I have been charged twice for the same purchase, this is unacceptable",Complaint
The headphones stopped working on the right side after a week. Thanks for your time.,Complaint
"I recommend your store to all my friends, keep it up",Feedback
"Hi, Do you offer gift wrapping for the holiday season",Other
"nobody called me back, I was promised a callback yesterday.",Complaint
Can I visit your warehouse for a school project tour,Other
"Hey, Can I use two promo codes on a single order.",Inquiry
"Hi, Is there a way to download my order history as a file",Other
"Good morning, The discount code on my invoice was not applied at checkout",Complaint
what documents do I need to open a return request.,Inquiry
How long does standard delivery take to the 2024 edition,Inquiry
What are your customer service hours on weekends. I would appreciate a quick response?,Inquiry
I received the wrong size even though I ordered #48213,Complaint
"the live chat support is a lifesaver, quick and useful",Feedback
"Good morning, Do you sponsor local community events in the 2024 edition",Other
I would like to partner with your brand for a giveaway?,Other
"I want a refund for order #Karachi, the item never arrived",Complaint
"hi, This update fixed all the bugs I reported last month",Feedback
"the item never arrived, I want a money back for order #Rs 5000. Thanks in advance for your help.",Complaint
The delivery driver left my package in the rain and everything is ruined?,Complaint
Can I upgrade my plan in the middle of the month,Inquiry
I am extremely disappointed with the quality of this purchase. Regards,Complaint
Can I change the delivery address on order ##48213?,Inquiry
You sent me a used product instead of a new one,Complaint
"Just wanted to say hi, hope you are having a great day!",Other
MY ACCOUNT WAS LOCKED FOR NO REASON AND I CANNOT LOG IN. THANK YOU,Complaint
"Hi there, I appreciate how transparent your pricing is, no hidden fees",Feedback
"hi there, How do I contact the seller directly about a custom order. Please look into this as soon as possible.",Inquiry
I was promised a callback yesterday and nobody called me back,Complaint
"STILL GOT BILLED, I CANCELLED WITHIN THE FREE TRIAL PERIOD",Complaint
"Good morning, I adore that you use eco friendly packaging for all orders",Feedback
"I noticed a typo on your about us page, just letting you know. This is really important to me.",Other
What is the difference between the basic and premium plans. Thanks,Inquiry
"I noticed a typo on your about us page, just letting you know. I hope this can be sorted out soon.",Other
"The product exceeded my expectations, five stars from me. Let me know if you need any more details.",Feedback
"My account was locked for no reason, I cannot log in",Complaint
Can I visit your warehouse for a school project tour. Please look into this as soon as possible. Thank you,Other
I waited three weeks for my delivery and it still has not shipped,Complaint
"The item broke within two days of normal use, terrible quality",Complaint
Are there any discounts available for first time customers. Looking forward to hearing from you.,Inquiry
How long does standard delivery take to #48213. Thank you,Inquiry
"I am a student doing research on #11754, can you help. Let me know if you need any more details.",Other
How do I track my order once it has been dispatched. I hope this can be sorted out soon. Regards,Inquiry
"Your Instagram reels are really entertaining, keep posting. This is really important to me.",Other
Do you offer international shipping to AI tools,Inquiry
"Hey, Do you sponsor local community events in #90210",Other
"The live chat support is a lifesaver, quick and helpful.",Feedback
DO YOU OFFER INTERNATIONAL SHIPPING TO SIZE M. LOOKING FORWARD TO HEARING FROM YOU.,Inquiry
The driver refused to deliver to my address and marked it delivered. This is really important to me.,Complaint
"Good morning, Is this laptop compatible with Karachi operating systems. Regards",Inquiry
I received the wrong size even though I ordered iOS,Complaint
"hello, I accidentally created two accounts, can you merge them",Other
Is there a way to download my order history as a file. Looking forward to hearing from you.,Other
"HI, DELIVERY WAS EARLIER THAN EXPECTED AND THE PACKAGING WAS OUTSTANDING",Feedback
"Good morning, Do you have this jacket in size renewable energy. Regards",Inquiry
"just wanted to say hi, hope you are having a amazing day",Other
How much does express shipping cost to Islamabad,Inquiry
"hello, hope you are having a great day, Just wanted to say hi",Other
How much does express shipping cost to $200!,Inquiry
"The live chat support is a lifesaver, quick, helpful?",Feedback
"The loyalty rewards program is a great idea, I feel valued. Looking forward to hearing from you?",Feedback
I am writing an article and would love a quote from your team. This is really important to me.,Other
Do you sponsor local community events in #90210?,Other
"I recommend your store to all my friends, keep it up. Thanks in advance for your help?",Feedback
"I waited three weeks for my delivery, it still has not shipped",Complaint
the discount code on my invoice was not applied at checkout. Thanks for your time.,Complaint
"Hi there, I want a refund for order #the Pro model, the item never arrived",Complaint
"the shirt I bought shrank after one wash, I want my money back",Complaint
Everything about this purchase was smooth from start to finish,Feedback
"The new checkout flow is so much faster, great job on the update.",Feedback
Shipping to #48213 was surprisingly speedy well done,Feedback
How much does express shipping cost to #90210. I would appreciate a quick response.,Inquiry
"Hi there, The app interface is clean and easy to navigate, nice work. I would appreciate a quick response.",Feedback
Can you tell me who founded the company and when. I would appreciate a quick response?,Other
My refund has been pending for over a month now,Complaint
I am happy with the free gift that came with my order!,Feedback
How much does express shipping cost to #90210,Inquiry
"I accidentally created two accounts, can you merge them. Regards",Other
The discount code on my invoice was not applied at checkout,Complaint
How much does express shipping cost to renewable energy,Inquiry
Is there a store near size 42 where I can try this on!,Inquiry
"Hello, everything is ruined, The delivery driver left my package in the rain!",Complaint
I want to update my profile picture on my account. Regards,Other
"The item broke within two days of normal use, horrible quality. Looking forward to hearing from you.",Complaint
CAN I GET AN INVOICE WITH MY COMPANY NAME ON IT?,Inquiry
The delivery driver left my package in the rain and everything is ruined,Complaint
"Mac where I can try this on, Is there a store near Windows?",Inquiry
Do you have an affiliate or referral program I can join,Other
The installation technician was courteous and professional. Looking forward to hearing from you. Thank you,Feedback
"Good morning, The new dark mode looks fantastic on my phone. I hope this can be sorted out soon.",Feedback
"I READ YOUR LATEST BLOG POST ABOUT AI TOOLS, INTERESTING READ",Other
"I have been charged twice for the same purchase, this is unacceptable. Thank you",Complaint
This is the third time my package has been lost by your courier. Regards,Complaint
"Good morning, Do you have a mobile app for #11754 devices. Thanks in advance for your help.",Other
"Good morning, The delivery driver left my package in the rain and everything is ruined",Complaint
"the loyalty rewards program is a excellent idea, I feel valued!",Feedback
"i am a student doing research on size M, can you help. Regards",Other
"very amazed, The support team resolved my issue within minutes. Regards",Feedback
"THE SUPPORT TEAM RESOLVED MY ISSUE WITHIN MINUTES, VERY IMPRESSED!",Feedback
"Hey, The website took my payment but my order confirmation never came. Thanks in advance for your help.",Complaint
What is the story behind your brand name. Thanks in advance for your help.,Other
Is there a store near size L where I can try this on,Inquiry
"HI, THE PRODUCT EXCEEDED MY EXPECTATIONS, FIVE STARS FROM ME. THANKS FOR YOUR TIME.",Feedback
"THE TRACKING HAS NOT UPDATED IN TEN DAYS, WHERE IS MY PARCEL.",Complaint
"Hey, The tracking has not updated in ten days, where is my parcel",Complaint
"The product exceeded my expectations, five stars from me?",Feedback
Do you offer international shipping to London,Inquiry
I am extremely let down with the quality of this purchase,Complaint
The customer support agent was impolite and hung up on me,Complaint
my account was locked for no reason and I cannot log in!,Complaint
You have the friendliest delivery drivers in the business,Feedback
delivery was earlier than expected and the packaging was excellent,Feedback
"Hi, What payment methods do you accept on your website?",Inquiry
Do you offer international shipping to Android. I hope this can be sorted out soon.,Inquiry
"finding items is much easier, I really like the new search filters",Feedback
"good morning, I found your store through a friend's recommendation. Let me know if you need any more details.",Other
"Your team went above and beyond to help me today, thank you. Looking forward to hearing from you.",Feedback
"Hey, The refund process was painless, prompt I appreciate it.",Feedback
"Hello, You have the friendliest delivery drivers in the business. Thanks",Feedback
The restaurant sent cold food and half the order was missing. Please look into this as soon as possible.,Complaint
I want to update my profile picture on my account,Other
"Hello, Everything about this purchase was smooth from start to finish",Feedback
What documents do I need to open a return request. I would appreciate a quick response.,Inquiry
"Good morning, Do you have this jacket in size renewable energy",Inquiry
Do you have a mobile app for Karachi devices,Other
I am curious about your sustainability practices. Regards,Other
Is installation included with the purchase of this appliance,Inquiry
"I really like the new search filters, finding items is much easier. Thank you",Feedback
Do you sponsor local community events in iOS. I would appreciate a quick response. Thank you,Other
"Hey, Do you restock items that are currently out of stock. Thank you",Inquiry
"Hello, I received the wrong size even though I ordered AI tools",Complaint
I love that you use eco friendly packaging for all orders. Let me know if you need any more details.,Feedback
"Hi there, The restaurant sent cold food and half the order was missing",Complaint
"Good morning, The reimbursement process was painless and fast, I appreciate it",Feedback
This is the best customer service I have experienced in years!,Feedback
"HI THERE, I LOVE THAT YOU USE ECO FRIENDLY PACKAGING FOR ALL ORDERS",Feedback
"Good morning, Please add me to your newsletter mailing list",Other
DO YOU OFFER GIFT WRAPPING FOR THE HOLIDAY SEASON. THANKS IN ADVANCE FOR YOUR HELP.,Other
I am curious about your sustainability practices. This is really important to me. Thank you,Other
Do you sponsor local community events in renewable energy. Looking forward to hearing from you.,Other
"My subscription was renewed without my permission, cancel it now. Thanks",Complaint
i was promised a callback yesterday and nobody called me back. Regards,Complaint
"I really like the new search filters, finding items is much easier.",Feedback
Your app keeps crashing every time I try to check out. I hope this can be sorted out soon.,Complaint
"I really like the new search filters, finding items is much easier!",Feedback
"hello, Can you tell me who founded the company and when",Other
Is this laptop compatible with AI tools operating systems,Inquiry
"Hi, Can I upgrade my plan in the middle of the month!",Inquiry
"Hello, I want a refund for order #Android, the item never arrived",Complaint
"Hey, This is the third time my package has been lost by your courier",Complaint
"the live chat support is a lifesaver, speedy and supportive. Let me know if you need any more details.",Feedback
"HELLO, I WOULD LIKE TO PARTNER WITH YOUR BRAND FOR A GIVEAWAY.",Other
"The support team resolved my issue within minutes, very amazed?",Feedback
Can I get an invoice with my company name on it. Thanks in advance for your help.,Inquiry
Can I pay cash on delivery for orders over #48213,Inquiry
How much does express shipping cost to iOS,Inquiry
"Hi, I am moving to Windows and Mac next month, do you deliver there",Other
Is there a store near #11754 where I can try this on?,Inquiry
"I read your latest blog post about Dubai, interesting read",Other
the product manual is clear and well illustrated. Thanks for your time.,Feedback
"The item broke within two days of normal use, horrible quality",Complaint
My order arrived ruined and the box was completely crushed. Thank you,Complaint
My account was locked for no reason and I cannot log in.,Complaint
I lost the receipt from my in store purchase last week. Regards,Other
"I cancelled within the free trial period, still got billed",Complaint
do you offer international shipping to Rs 5000?,Inquiry
Do you sponsor local community events in #11754. Thanks in advance for your help.,Other
"Hey, My refund has been pending for over a month now. Let me know if you need any more details.",Complaint
"Hi, Do you have an affiliate or referral program I can join. Thanks in advance for your help.",Other
"Hi, I received the wrong size even though I ordered the 2024 edition",Complaint
This is the third time my package has been lost by your courier. I hope this can be sorted out soon.,Complaint
Do you sponsor local community events in $200. Thanks for your time!,Other
You have the friendliest delivery drivers in the business.,Feedback
"I am moving to size 42 next month, do you deliver there. Looking forward to hearing from you. Thank you",Other
what is the warranty period on the #90210 model,Inquiry
the driver refused to deliver to my address and marked it delivered!,Complaint
"Hi, I recommend your store to all my friends, keep it up. Thanks",Feedback
"i want a money back for order #size 42, the item never arrived",Complaint
Is this laptop compatible with the 2024 edition operating systems. I hope this can be sorted out soon.,Inquiry
The product manual is clear and well illustrated,Feedback
Delivery was earlier than expected and the packaging was superb. Thanks in advance for your help.,Feedback
Your app keeps crashing every time I try to check out,Complaint
Do you offer international shipping to size 42,Inquiry
"Hi there, Could you send me your press kit for a media feature",Other
what payment methods do you accept on your website. I hope this can be sorted out soon.,Inquiry
You sent me a used product instead of a new one. Thanks for your time.,Complaint
your app keeps crashing every time I try to check out. Please look into this as soon as possible.,Complaint
I want to update my profile picture on my account. This is really important to me.,Other
"professional, The installation technician was polite?",Feedback
"Shipping to Rs 5000 was surprisingly quick, well done",Feedback
I AM TRYING TO REACH YOUR MARKETING DEPARTMENT,Other
"Hi there, How do I cancel my subscription before the next billing cycle",Inquiry
Do you restock items that are currently out of stock. Looking forward to hearing from you.,Inquiry
"i appreciate how transparent your pricing is, no hidden fees",Feedback
"i noticed a typo on your about us page, just letting you know. Regards",Other
"Hi there, I was promised a callback yesterday and nobody called me back. This is really important to me.",Complaint
"Hey, Delivery was earlier than expected and the packaging was superb!",Feedback
"Good morning, Your app keeps crashing every time I try to check out?",Complaint
How long does standard delivery take to #90210,Inquiry
"My order arrived damaged, the box was completely crushed. Regards",Complaint
Do you have a mobile app for Dubai devices. Let me know if you need any more details.,Other
What is the return policy for items bought during the sale,Inquiry
The headphones stopped working on the right side after a week. Thanks for your time?,Complaint
"well illustrated, The product manual is clear. Regards",Feedback
"My subscription was renewed without my permission, cancel it now",Complaint
can I pay cash on delivery for orders over Windows and Mac. Let me know if you need any more details.,Inquiry
"Hi, Please add me to your newsletter mailing list",Other
Do you have a mobile app for #90210 devices,Other
Do you have a mobile app for #48213 devices. Looking forward to hearing from you.,Other
"Good morning, The size guide on your site is accurate, the fit is perfect. I would appreciate a quick response. Thanks",Feedback
Are there any discounts available for first time customers. Thanks,Inquiry
"I love the quality of the fabric, will definitely order again. Let me know if you need any more details.",Feedback
"Hey, The headphones stopped working on the right side after a week. Let me know if you need any more details. Thanks",Complaint
"Hello, The website took my payment but my order confirmation never came",Complaint
"Hi, Your team went above and beyond to help me today, thank you!",Feedback
Do you offer gift wrapping for the holiday season. Thanks in advance for your help?,Other
Do you offer gift wrapping for the holiday season. Let me know if you need any more details.,Other
Do you have a mobile app for Islamabad devices. Thanks in advance for your help. Thank you,Other
I was promised a callback yesterday and nobody called me back. Looking forward to hearing from you.,Complaint
The delivery driver left my package in the rain and everything is ruined!,Complaint
"i am a student doing research on Lahore, can you help",Other
I received the wrong size even though I ordered #66302,Complaint
"Hey, Can I get an invoice with my company name on it",Inquiry
"Hi, The installation technician was polite and professional",Feedback
"I noticed a typo on your about us page, just letting you know.",Other
"I really like the quality of the fabric, will definitely order again",Feedback
"Hey, What documents do I need to open a return request. This is really important to me.",Inquiry
"The refund process was painless and fast, I appreciate it",Feedback
"I want a refund for order #Islamabad, the item never arrived?",Complaint
I would like to partner with your brand for a giveaway. Let me know if you need any more details.,Other
Is this laptop compatible with Dubai operating systems,Inquiry
I am happy with the free gift that came with my order. Looking forward to hearing from you.,Feedback
"hi, The restaurant sent cold food and half the order was missing",Complaint
YOUR APP KEEPS CRASHING EVERY TIME I TRY TO CHECK OUT. THANKS,Complaint
"I feel valued, The loyalty rewards program is a great idea. Let me know if you need any more details.",Feedback
"The new checkout flow is so much faster, great job on the update",Feedback
"The refund process was painless, I appreciate it, fast",Feedback
"Hi, Just wanted to say hi, hope you are having a fantastic day. Thanks in advance for your help.",Other
"Hi there, How do I contact the seller directly about a custom order",Inquiry
"The item broke within two days of normal use, terrible quality. Regards",Complaint
I WOULD LIKE TO PARTNER WITH YOUR BRAND FOR A GIVEAWAY,Other
My order arrived damaged and the box was completely crushed,Complaint
"Hi there, The website took my payment but my order confirmation never came",Complaint
Shipping to size L was surprisingly fast well done,Feedback
Does this phone support dual SIM cards,Inquiry
How much does express shipping cost to size M,Inquiry
"The app interface is clean and easy to navigate, nice work",Feedback
"The item broke within two days of normal use, terrible quality. I would appreciate a quick response.",Complaint
"Hi, interesting read, I read your latest blog post about AI tools",Other
"Hey, Your team went above and beyond to help me today, thank you",Feedback
"i am a student doing research on Windows and Mac, can you help",Other
Can I pay cash on delivery for orders over $200,Inquiry
"Good morning, How do I reset my password if I forgot my email",Inquiry
"I am moving to Karachi next month, do you deliver there",Other
The customer support agent was disrespectful and hung up on me. Please look into this as soon as possible.,Complaint
"when, Can you tell me who founded the company",Other
"hello, How do I cancel my subscription before the next billing cycle",Inquiry
how do I cancel my subscription before the next billing cycle,Inquiry
The product I received is not what was advertised on the website. Please look into this as soon as possible.,Complaint
"I am moving to London next month, do you deliver there. Thank you",Other
"Hi there, What is the return policy for items bought during the sale. Regards",Inquiry
Do you have this jacket in size the 2024 edition. Please look into this as soon as possible.,Inquiry
"Good morning, I want a refund for order #Dubai, the item never arrived",Complaint
How do I contact the seller directly about a custom order. Let me know if you need any more details.,Inquiry
What payment methods do you accept on your website,Inquiry
"I HAVE BEEN CHARGED TWICE FOR THE SAME PURCHASE, THIS IS UNACCEPTABLE",Complaint
Please add me to your newsletter mailing list,Other
"Delivery was earlier than expected, the packaging was excellent",Feedback
this update fixed all the bugs I reported last month,Feedback
"Good morning, You sent me a used product instead of a new one. This is really important to me.",Complaint
"The support team resolved my issue within minutes, very amazed",Feedback
The restaurant sent cold food and half the order was missing?,Complaint
The headphones stopped working on the right side after a week,Complaint
can I pay cash on delivery for orders over the 2024 edition?,Inquiry
Can I upgrade my plan in the middle of the month. Thanks,Inquiry
"Good morning, Does this phone support dual SIM cards. Let me know if you need any more details.",Inquiry
how do I track my order once it has been dispatched. Thank you,Inquiry
"good morning, The tracking has not updated in ten days, where is my parcel",Complaint
"i noticed a typo on your about us page, just letting you know",Other
How much does express shipping cost to size 42,Inquiry
Delivery was earlier than expected and the packaging was excellent. Thanks,Feedback
"I really like the new search filters, finding items is much easier",Feedback
"The product exceeded my expectations, five stars from me",Feedback
i would like to partner with your brand for a giveaway. Please look into this as soon as possible.,Other
"I appreciate how transparent your pricing is, no hidden fees. Regards",Feedback
"HEY, I AM GLAD WITH THE FREE GIFT THAT CAME WITH MY ORDER!",Feedback
"I am moving to AI tools next month, do you deliver there",Other
"Hi there, What is the difference between the basic and premium plans. Looking forward to hearing from you.",Inquiry
"the box was completely crushed, My order arrived damaged",Complaint
Can I pay cash on delivery for orders over size 42. I would appreciate a quick response.,Inquiry
"The support team resolved my issue within minutes, very impressed. Thanks for your time. Thank you",Feedback
"interesting read, I read your latest blog post about size M",Other
"Hi there, The product I received is not what was advertised on the website",Complaint
Do you have an affiliate or referral program I can join. Let me know if you need any more details!,Other
What is the warranty period on the London model. This is really important to me.,Inquiry
"I am a student doing research on $200, can you help",Other
"The item broke within two days of normal use, dreadful quality",Complaint
Can you share the link to your careers page.,Other
i found your store through a friend's recommendation,Other
"everything is ruined, The delivery driver left my package in the rain",Complaint
Could you send me your press kit for a media feature. Thank you,Other
"Your team went above and beyond to help me today, thank you",Feedback
"HI THERE, WHAT IS THE STORY BEHIND YOUR BRAND NAME?",Other
"I have been charged twice for the same purchase, this is unacceptable. Please look into this as soon as possible.",Complaint
Do you have a mobile app for renewable energy devices.,Other
"Hey, Everything about this purchase was smooth from start to finish.",Feedback
"I am moving to size 42 next month, do you deliver there. Let me know if you need any more details.",Other
What is the difference between the basic and premium plans. Regards,Inquiry
"can you help, I am a student doing research on size 42",Other
"Good morning, The customer support agent was impolite and hung up on me. Thanks for your time.",Complaint
The website took my payment but my order confirmation never came,Complaint
This update fixed all the bugs I reported last month. Regards,Feedback
"i really like the new search filters, finding items is much easier. Let me know if you need any more details.",Feedback
This is the best customer service I have experienced in years,Feedback
What are your customer service hours on weekends. I would appreciate a quick response.,Inquiry
THE TUTORIAL VIDEOS REALLY HELPED ME SET EVERYTHING UP QUICKLY,Feedback
What are your customer service hours on weekends. This is really important to me.,Inquiry
"Hi, The size guide on your site is accurate, the fit is perfect?",Feedback
"Good morning, I want a refund for order #size L, the item never arrived",Complaint
"The loyalty rewards program is a great idea, I feel valued. Let me know if you need any more details.",Feedback
"Hey, The installation technician was polite and professional",Feedback
"I accidentally created two accounts, can you merge them. I would appreciate a quick response.",Other
"hello, Can I pay cash on delivery for orders over size L. Thanks in advance for your help.",Inquiry
the product I received is not what was advertised on the website!,Complaint
How do I contact the seller directly about a custom order,Inquiry
I received the wrong size even though I ordered AI tools.,Complaint
Do you have a mobile app for PKR 2500 devices,Other
The product I received is not what was advertised on the website. This is really important to me.,Complaint
"I really like the new search filters, finding items is much easier. Thanks",Feedback
HOW MUCH DOES EXPRESS SHIPPING COST TO RS 5000. I HOPE THIS CAN BE SORTED OUT SOON.,Inquiry
The product I received is not what was advertised on the website,Complaint
You have the friendliest delivery drivers in the business. Regards,Feedback
I am trying to reach your marketing department. Please look into this as soon as possible. Thank you,Other
Can I change the delivery address on order ##48213,Inquiry
"Hi, Can I get an invoice with my company name on it. Regards",Inquiry
How long does standard delivery take to Karachi,Inquiry
"Hi, Just wanted to say hi, hope you are having a great day",Other
"The customer support agent was rude, hung up on me. Thanks",Complaint
This update fixed all the bugs I reported last month. Thank you,Feedback
This is the best customer service I have experienced in years?,Feedback
Can you share the link to your careers page,Other
WHAT IS THE DIFFERENCE BETWEEN THE BASIC AND PREMIUM PLANS. LOOKING FORWARD TO HEARING FROM YOU.,Inquiry
I lost the receipt from my in store purchase last week. Let me know if you need any more details.,Other
"GOOD MORNING, HOW DO I CONTACT THE SELLER DIRECTLY ABOUT A CUSTOM ORDER",Inquiry
"THE SIZE GUIDE ON YOUR SITE IS ACCURATE, THE FIT IS PERFECT",Feedback
You sent me a used product instead of a new one.,Complaint
"I really like the new search filters, finding items is much easier?",Feedback
Does this phone support dual SIM cards. Looking forward to hearing from you.,Inquiry
Do you offer gift wrapping for the holiday season. This is really important to me.,Other
"Hey, How do I cancel my subscription before the next billing cycle",Inquiry
I am happy with the free gift that came with my order. I hope this can be sorted out soon.,Feedback
"The live chat support is a lifesaver, quick and useful. Thanks",Feedback
Does this phone support dual SIM cards. Thanks in advance for your help.,Inquiry
IS THIS LAPTOP COMPATIBLE WITH #11754 OPERATING SYSTEMS. THANK YOU,Inquiry
Do you offer international shipping to size L. Regards,Inquiry
Is there a way to download my order history as a file!,Other
Do you offer international shipping to the 2024 edition,Inquiry
"Hey, Do you offer international shipping to size 42",Inquiry
How do I reset my password if I forgot my email. Looking forward to hearing from you?,Inquiry
"I recommend your store to all my friends, keep it up. Please look into this as soon as possible.",Feedback
"Hi, How long does standard delivery take to Rs 5000",Inquiry
The product I received is not what was advertised on the website?,Complaint
"I accidentally created two accounts, can you merge them. Thanks",Other
Can I pay cash on delivery for orders over #66302,Inquiry
"Hi there, How do I track my order once it has been dispatched. Please look into this as soon as possible. Thanks",Inquiry
"Hi, How do I track my order once it has been dispatched",Inquiry
Can you tell me who founded the company and when. Please look into this as soon as possible. Thanks,Other
"The item broke within two days of normal use, terrible quality. This is really important to me.",Complaint
"the loyalty rewards program is a great idea, I feel valued",Feedback
I was promised a callback yesterday and nobody called me back. Let me know if you need any more details.,Complaint
This is the third time my package has been lost by your courier,Complaint
"Hi, What is the warranty period on the iOS model. I hope this can be sorted out soon.",Inquiry
"The loyalty rewards program is a great idea, I feel valued. Thanks",Feedback
"Good morning, Can you share the link to your careers page. Please look into this as soon as possible?",Other
Can I pay cash on delivery for orders over size M,Inquiry
This update fixed all the bugs I reported last month.,Feedback
can I change the delivery address on order ##90210,Inquiry
The money back process was painless and quick I appreciate it,Feedback
"The support team resolved my issue within minutes, very impressed",Feedback
The installation technician was friendly and professional,Feedback
You sent me a used product instead of a new one?,Complaint
"Good morning, Shipping to London was surprisingly quick, well done",Feedback
"i am a student doing research on Android, can you help. Regards",Other
"hope you are having a amazing day, Just wanted to say hi",Other
The installation technician was polite and professional,Feedback
Do you offer gift wrapping for the holiday season. Regards,Other
i waited three weeks for my delivery and it still has not shipped. Let me know if you need any more details. Thanks,Complaint
"keep it up, I recommend your store to all my friends.",Feedback
"Hey, I am happy with the free gift that came with my order",Feedback
Your app keeps crashing every time I try to check out. Let me know if you need any more details.,Complaint
"Good morning, I noticed a typo on your about us page, just letting you know?",Other
Do you offer gift wrapping for the holiday season. Thanks for your time.,Other
Do you have an affiliate or referral program I can join. This is really important to me. Thanks,Other
My order arrived damaged and the box was completely crushed. I would appreciate a quick response.,Complaint
Do you offer international shipping to size L,Inquiry
Is this laptop compatible with PKR 2500 operating systems,Inquiry
"I was promised a callback yesterday, nobody called me back. This is really important to me.",Complaint
The installation technician was polite and professional. Regards,Feedback
"The item broke within two days of normal use, dreadful quality!",Complaint
The customer support agent was impolite and hung up on me. This is really important to me.,Complaint
how long does standard delivery take to London. Thanks,Inquiry
"I want a refund for order #size L, the item never arrived. I hope this can be sorted out soon.",Complaint
"THE CUSTOMER SUPPORT AGENT WAS RUDE, HUNG UP ON ME",Complaint
"Hey, Are there any discounts available for first time customers. I would appreciate a quick response.",Inquiry
I am writing an article and would love a quote from your team,Other
"Hey, I am moving to renewable energy next month, do you deliver there",Other
I am curious about your sustainability practices. Thanks,Other
"Hey, I received the wrong size even though I ordered $200",Complaint
Can I get an invoice with my company name on it. Thank you,Inquiry
"Hey, I received the wrong size even though I ordered AI tools",Complaint
"Hi, The refund process was painless and fast, I appreciate it. I would appreciate a quick response.",Feedback
Is there a way to download my order history as a file,Other
"Hello, I waited three weeks for my delivery, it still has not shipped. Thanks",Complaint
"Shipping to Windows and Mac was surprisingly quick, well done.",Feedback
This is the best customer service I have experienced in years. This is really important to me.,Feedback
How do I contact the seller directly about a custom order!,Inquiry
Could you send me your press kit for a media feature,Other
can I pay cash on delivery for orders over #11754,Inquiry
"CAN YOU TELL ME WHO FOUNDED THE COMPANY, WHEN. LET ME KNOW IF YOU NEED ANY MORE DETAILS. REGARDS",Other
I lost the receipt from my in store purchase last week.,Other
"Hey, fast, The money back process was painless, I appreciate it. Thanks in advance for your help.",Feedback
"The size guide on your site is accurate, the fit is perfect. Thanks in advance for your help.",Feedback
How much does express shipping cost to the 2024 edition,Inquiry
"I want a refund for order #Lahore, the item never arrived",Complaint
You have the friendliest delivery drivers in the business. Thanks for your time.,Feedback
This is the best customer service I have experienced in years. Thanks,Feedback
How much does express shipping cost to #66302. I would appreciate a quick response.,Inquiry
"I have been charged twice for the same purchase, this is unacceptable. This is really important to me.",Complaint
"Your Instagram reels are really entertaining, keep posting",Other
i am curious about your sustainability practices. I would appreciate a quick response.,Other
"Hi there, I want to update my profile picture on my account. Thanks in advance for your help?",Other
"Good morning, How long does standard delivery take to iOS.",Inquiry
delivery was earlier than expected and the packaging was outstanding,Feedback
"Good morning, This is the third time my package has been lost by your courier. Thanks for your time.",Complaint
"Hi there, I noticed a typo on your about us page, just letting you know",Other
I am writing an article and would adore a quote from your team.,Other
The website took my payment but my order confirmation never came. Thank you,Complaint
The driver refused to deliver to my address and marked it delivered,Complaint
"I love the quality of the fabric, will definitely order again",Feedback
The new dark mode looks fantastic on my phone. Regards,Feedback
"Hello, Do you have a mobile app for size L devices",Other
What is the warranty period on the #48213 model. Let me know if you need any more details.,Inquiry
"the box was completely crushed, My order arrived damaged. Thanks",Complaint
I am extremely dissatisfied with the quality of this purchase.,Complaint
"Hi there, Do you sponsor local community events in PKR 2500",Other
everything about this purchase was smooth from start to finish. Let me know if you need any more details?,Feedback
I LOVE THAT YOU USE ECO FRIENDLY PACKAGING FOR ALL ORDERS?,Feedback
"Hi there, I want to update my profile picture on my account. Regards",Other
"Hi there, What documents do I need to open a return request",Inquiry
"Hi there, The product exceeded my expectations, five stars from me",Feedback
Delivery was earlier than expected and the packaging was excellent. Regards,Feedback
I would like to partner with your brand for a giveaway. I would appreciate a quick response.,Other
My account was locked for no reason and I cannot log in. Looking forward to hearing from you.,Complaint
Do you offer international shipping to Android,Inquiry
Do you have a mobile app for London devices,Other
"Hi, You sent me a used product instead of a new one. This is really important to me.",Complaint
What is the difference between the basic and premium plans,Inquiry
I cancelled within the free trial period and still got billed!,Complaint
"Hi, How do I reset my password if I forgot my email. Let me know if you need any more details.",Inquiry
"the item broke within two days of normal use, terrible quality. Thanks in advance for your help.",Complaint
"Hey, the item never arrived, I want a refund for order #size 42",Complaint
I CANCELLED WITHIN THE FREE TRIAL PERIOD AND STILL GOT BILLED. LET ME KNOW IF YOU NEED ANY MORE DETAILS.,Complaint
"My subscription was renewed without my permission, cancel it now!",Complaint
I was promised a callback yesterday and nobody called me back. Thanks for your time.,Complaint
The product manual is clear and well illustrated!,Feedback
"I appreciate how transparent your pricing is, no hidden fees. This is really important to me. Thanks",Feedback
"Shipping to AI tools was surprisingly quick, well done",Feedback
"I appreciate it, fast, The money back process was painless",Feedback
Can I get an invoice with my company name on it,Inquiry
"Hi there, I accidentally created two accounts, can you merge them. Please look into this as soon as possible.",Other
"Good morning, interesting read, I read your latest blog post about AI tools!",Other
"The live chat support is a lifesaver, quick and helpful. Thanks in advance for your help.",Feedback
"The shirt I bought shrank after one wash, I want my money back. Thank you",Complaint
This is the best customer service I have experienced in years. I hope this can be sorted out soon. Regards,Feedback
Does this phone support dual SIM cards. Thank you,Inquiry
"The size guide on your site is accurate, the fit is perfect. Let me know if you need any more details.",Feedback
"IT STILL HAS NOT SHIPPED, I WAITED THREE WEEKS FOR MY DELIVERY",Complaint
Do you restock items that are currently out of stock,Inquiry
"Shipping to #48213 was surprisingly quick, well done. Thanks",Feedback
Do you have an affiliate or referral program I can join. Thanks,Other
"Hello, The tracking has not updated in ten days, where is my parcel",Complaint
"I accidentally created two accounts, can you merge them",Other
THIS IS THE BEST CUSTOMER SERVICE I HAVE EXPERIENCED IN YEARS. LET ME KNOW IF YOU NEED ANY MORE DETAILS.,Feedback
Do you have this jacket in size size M,Inquiry
I adore that you use eco friendly packaging for all orders. Thanks for your time.,Feedback
Do you offer gift wrapping for the holiday season,Other
How do I reset my password if I forgot my email,Inquiry
"i read your latest blog post about #48213, interesting read?",Other
I AM EXTREMELY DISAPPOINTED WITH THE QUALITY OF THIS PURCHASE,Complaint
Do you have this jacket in size #11754. Let me know if you need any more details.,Inquiry
I AM HAPPY WITH THE FREE GIFT THAT CAME WITH MY ORDER,Feedback
"JUST WANTED TO SAY HI, HOPE YOU ARE HAVING A GREAT DAY",Other
"Hi there, The support team resolved my issue within minutes, very impressed. Thanks for your time. Regards",Feedback
"The live chat support is a lifesaver, quick and helpful",Feedback
How do I track my order once it has been dispatched,Inquiry
Can I use two promo codes on a single order,Inquiry
Is there a way to download my order history as a file. I would appreciate a quick response.,Other
"YOUR INSTAGRAM REELS ARE REALLY ENTERTAINING, KEEP POSTING. REGARDS",Other
"Good morning, Your team went above and beyond to help me today, thank you!",Feedback
